{"cameraMode":{"drawMode":0,"name":"Shaded","section":"Shading Mode"},"sceneLighting":false,"audioPlay":false,"sceneViewState":{"m_AlwaysRefresh":false,"showFog":true,"showSkybox":false,"showFlares":true,"showImageEffects":true,"showParticleSystems":true,"showVisualEffectGraphs":true,"m_FxEnabled":false},"in2DMode":false,"pivot":{"x":2.1173572540283205,"y":-8.041817665100098,"z":6.394136428833008},"rotation":{"x":0.3911171555519104,"y":0.024844560772180558,"z":-0.010562733747065068,"w":0.9199451804161072},"size":18.68882942199707,"orthographic":false}