{"cameraMode":{"drawMode":0,"name":"Shaded","section":"Shading Mode"},"sceneLighting":true,"audioPlay":false,"sceneViewState":{"m_AlwaysRefresh":false,"showFog":true,"showSkybox":true,"showFlares":true,"showImageEffects":true,"showParticleSystems":true,"showVisualEffectGraphs":true,"m_FxEnabled":false},"in2DMode":false,"pivot":{"x":32.689998626708987,"y":0.7000000476837158,"z":-6.1750006675720219},"rotation":{"x":0.24005934596061707,"y":-0.24155931174755097,"z":0.06180897727608681,"w":0.9381909966468811},"size":6.790140628814697,"orthographic":false}