{"cameraMode":{"drawMode":0,"name":"Shaded","section":"Shading Mode"},"sceneLighting":true,"audioPlay":false,"sceneViewState":{"m_AlwaysRefresh":false,"showFog":true,"showSkybox":true,"showFlares":true,"showImageEffects":true,"showParticleSystems":true,"showVisualEffectGraphs":true,"m_FxEnabled":false},"in2DMode":false,"pivot":{"x":-7.6178083419799809,"y":-15.093669891357422,"z":-171.08193969726563},"rotation":{"x":0.24642622470855714,"y":-0.009888166561722756,"z":0.002519496949389577,"w":0.9691271781921387},"size":62.27597427368164,"orthographic":false}