{"cameraMode":{"drawMode":0,"name":"Shaded","section":"Shading Mode"},"sceneLighting":true,"audioPlay":false,"sceneViewState":{"m_AlwaysRefresh":false,"showFog":true,"showSkybox":true,"showFlares":true,"showImageEffects":true,"showParticleSystems":true,"showVisualEffectGraphs":true,"m_FxEnabled":false},"in2DMode":false,"pivot":{"x":88.34187316894531,"y":60.12086486816406,"z":-237.78103637695313},"rotation":{"x":0.1301228404045105,"y":-0.010410581715404988,"z":0.0013663428835570813,"w":0.9914426803588867},"size":116.68914794921875,"orthographic":false}