{"cameraMode":{"drawMode":0,"name":"Shaded","section":"Shading Mode"},"sceneLighting":true,"audioPlay":false,"sceneViewState":{"m_AlwaysRefresh":false,"showFog":true,"showSkybox":true,"showFlares":true,"showImageEffects":true,"showParticleSystems":true,"showVisualEffectGraphs":true,"m_FxEnabled":false},"in2DMode":false,"pivot":{"x":7.009539604187012,"y":13.432404518127442,"z":-218.6417999267578},"rotation":{"x":0.13226261734962464,"y":-0.11126411706209183,"z":0.014942629262804985,"w":0.9848378896713257},"size":16.000009536743165,"orthographic":false}