{"cameraMode":{"drawMode":0,"name":"Shaded","section":"Shading Mode"},"sceneLighting":true,"audioPlay":false,"sceneViewState":{"m_AlwaysRefresh":false,"showFog":true,"showSkybox":true,"showFlares":true,"showImageEffects":true,"showParticleSystems":true,"showVisualEffectGraphs":true,"m_FxEnabled":false},"in2DMode":false,"pivot":{"x":45.518470764160159,"y":1.2018234729766846,"z":-84.76842498779297},"rotation":{"x":-0.3436124622821808,"y":0.03407479077577591,"z":-0.012479285709559918,"w":-0.9384186863899231},"size":17.818580627441408,"orthographic":false}