{"cameraMode":{"drawMode":0,"name":"Shaded","section":"Shading Mode"},"sceneLighting":false,"audioPlay":false,"sceneViewState":{"m_AlwaysRefresh":false,"showFog":true,"showSkybox":false,"showFlares":true,"showImageEffects":true,"showParticleSystems":true,"showVisualEffectGraphs":true,"m_FxEnabled":false},"in2DMode":false,"pivot":{"x":0.15476751327514649,"y":-0.16691339015960694,"z":-0.13653749227523805},"rotation":{"x":-0.31348490715026858,"y":0.6349731683731079,"z":-0.31499138474464419,"w":-0.6319348812103272},"size":4.1376261711120609,"orthographic":false}