{"cameraMode":{"drawMode":0,"name":"Shaded","section":"Shading Mode"},"sceneLighting":false,"audioPlay":false,"sceneViewState":{"m_AlwaysRefresh":false,"showFog":true,"showSkybox":false,"showFlares":true,"showImageEffects":true,"showParticleSystems":true,"showVisualEffectGraphs":true,"m_FxEnabled":false},"in2DMode":false,"pivot":{"x":2.366994857788086,"y":7.506897926330566,"z":-40.341819763183597},"rotation":{"x":0.10182096064090729,"y":0.21170319616794587,"z":-0.022181067615747453,"w":0.9717736840248108},"size":5.829533576965332,"orthographic":false}