{"cameraMode":{"drawMode":0,"name":"Shaded","section":"Shading Mode"},"sceneLighting":false,"audioPlay":false,"sceneViewState":{"m_AlwaysRefresh":false,"showFog":true,"showSkybox":false,"showFlares":true,"showImageEffects":true,"showParticleSystems":true,"showVisualEffectGraphs":true,"m_FxEnabled":false},"in2DMode":false,"pivot":{"x":0.7855664491653442,"y":14.56495475769043,"z":-38.314353942871097},"rotation":{"x":0.011256333440542221,"y":0.15684197843074799,"z":-0.001786085544154048,"w":0.9875691533088684},"size":1.3295326232910157,"orthographic":false}