{"cameraMode":{"drawMode":0,"name":"Shaded","section":"Shading Mode"},"sceneLighting":false,"audioPlay":false,"sceneViewState":{"m_AlwaysRefresh":false,"showFog":true,"showSkybox":false,"showFlares":true,"showImageEffects":true,"showParticleSystems":true,"showVisualEffectGraphs":true,"m_FxEnabled":false},"in2DMode":false,"pivot":{"x":25.931711196899415,"y":-14.139646530151368,"z":17.110931396484376},"rotation":{"x":0.2549239993095398,"y":0.4595700800418854,"z":-0.13959652185440064,"w":0.8392415046691895},"size":44.835445404052737,"orthographic":false}