{"cameraMode":{"drawMode":0,"name":"Shaded","section":"Shading Mode"},"sceneLighting":false,"audioPlay":false,"sceneViewState":{"m_AlwaysRefresh":false,"showFog":true,"showSkybox":false,"showFlares":true,"showImageEffects":true,"showParticleSystems":true,"showVisualEffectGraphs":true,"m_FxEnabled":false},"in2DMode":false,"pivot":{"x":38.31217956542969,"y":12.051275253295899,"z":-4.152641773223877},"rotation":{"x":-0.002574656158685684,"y":0.6989984512329102,"z":0.0025187258142977955,"w":0.7151176929473877},"size":29.142318725585939,"orthographic":false}