{"cameraMode":{"drawMode":0,"name":"Shaded","section":"Shading Mode"},"sceneLighting":false,"audioPlay":false,"sceneViewState":{"m_AlwaysRefresh":false,"showFog":true,"showSkybox":false,"showFlares":true,"showImageEffects":true,"showParticleSystems":true,"showVisualEffectGraphs":true,"m_FxEnabled":false},"in2DMode":false,"pivot":{"x":9.674391746520996,"y":9.249963760375977,"z":4.942717552185059},"rotation":{"x":0.05395054817199707,"y":-0.02965705282986164,"z":0.0016046473756432534,"w":0.9981216192245483},"size":4.0660481452941898,"orthographic":false}