{"cameraMode":{"drawMode":0,"name":"Shaded","section":"Shading Mode"},"sceneLighting":false,"audioPlay":false,"sceneViewState":{"m_AlwaysRefresh":false,"showFog":true,"showSkybox":false,"showFlares":true,"showImageEffects":true,"showParticleSystems":true,"showVisualEffectGraphs":true,"m_FxEnabled":false},"in2DMode":false,"pivot":{"x":1.7738838195800782,"y":7.336272716522217,"z":-185.4412384033203},"rotation":{"x":0.011997883208096028,"y":-0.020701030269265176,"z":-0.0002416294883005321,"w":-0.9997273683547974},"size":14.447357177734375,"orthographic":false}